{"cameraMode":{"drawMode":0,"name":"Shaded","section":"Shading Mode"},"sceneLighting":true,"audioPlay":false,"sceneViewState":{"showFog":true,"showMaterialUpdate":false,"showSkybox":true,"showFlares":true,"showImageEffects":true,"showParticleSystems":true,"showVisualEffectGraphs":true,"m_FxEnabled":true},"in2DMode":false,"pivot":{"x":2.491178512573242,"y":1.3543381690979005,"z":6.525319576263428},"rotation":{"x":-0.04823030158877373,"y":-0.05032253637909889,"z":0.0024319912772625686,"w":-0.9975783824920654},"size":6.603310585021973,"orthographic":false}