{"cameraMode":{"drawMode":0,"name":"Shaded","section":"Shading Mode"},"sceneLighting":true,"audioPlay":false,"sceneViewState":{"showFog":true,"showMaterialUpdate":false,"showSkybox":true,"showFlares":true,"showImageEffects":true,"showParticleSystems":true,"showVisualEffectGraphs":true,"m_FxEnabled":true},"in2DMode":false,"pivot":{"x":0.22508621215820313,"y":0.8415151238441467,"z":1.671308159828186},"rotation":{"x":-0.23933769762516023,"y":-0.03145429864525795,"z":0.007757040672004223,"w":-0.9704099297523499},"size":3.8509268760681154,"orthographic":false}