{"cameraMode":{"drawMode":0,"name":"Shaded","section":"Shading Mode"},"sceneLighting":false,"audioPlay":false,"sceneViewState":{"showFog":true,"showMaterialUpdate":false,"showSkybox":false,"showFlares":true,"showImageEffects":true,"showParticleSystems":true,"showVisualEffectGraphs":true,"m_FxEnabled":true},"in2DMode":false,"pivot":{"x":1101.844482421875,"y":462.92279052734377,"z":1.2625732421875},"rotation":{"x":0.027304962277412416,"y":0.008118712343275547,"z":-0.00025265480508096516,"w":0.9996384382247925},"size":662.7356567382813,"orthographic":false}