{"cameraMode":{"drawMode":0,"name":"Shaded","section":"Shading Mode"},"sceneLighting":false,"audioPlay":false,"sceneViewState":{"showFog":true,"showMaterialUpdate":false,"showSkybox":false,"showFlares":true,"showImageEffects":true,"showParticleSystems":true,"showVisualEffectGraphs":true,"m_FxEnabled":true},"in2DMode":false,"pivot":{"x":13.512895584106446,"y":0.6497936248779297,"z":-10.940143585205079},"rotation":{"x":0.00008147354674292728,"y":0.995116114616394,"z":-0.09914954006671906,"w":0.0011715771397575737},"size":3.5319888591766359,"orthographic":false}