{"cameraMode":{"drawMode":0,"name":"Shaded","section":"Shading Mode"},"sceneLighting":false,"audioPlay":false,"sceneViewState":{"showFog":true,"showMaterialUpdate":false,"showSkybox":false,"showFlares":true,"showImageEffects":true,"showParticleSystems":true,"showVisualEffectGraphs":true,"m_FxEnabled":true},"in2DMode":false,"pivot":{"x":0.19699999690055848,"y":1.3049529790878297,"z":-1.1175870895385743e-8},"rotation":{"x":-0.12081218510866165,"y":0.5841804146766663,"z":-0.08847620338201523,"w":-0.7976992130279541},"size":0.18541885912418366,"orthographic":false}