{"cameraMode":{"drawMode":0,"name":"Shaded","section":"Shading Mode"},"sceneLighting":false,"audioPlay":false,"sceneViewState":{"showFog":true,"showMaterialUpdate":false,"showSkybox":false,"showFlares":true,"showImageEffects":true,"showParticleSystems":true,"showVisualEffectGraphs":true,"m_FxEnabled":true},"in2DMode":false,"pivot":{"x":4.803140640258789,"y":1.1069881916046143,"z":2.5098166465759279},"rotation":{"x":-0.011358406394720078,"y":0.7845171689987183,"z":-0.01435775775462389,"w":-0.6198798418045044},"size":2.0981080532073976,"orthographic":false}