{"cameraMode":{"drawMode":0,"name":"Shaded","section":"Shading Mode"},"sceneLighting":false,"audioPlay":false,"sceneViewState":{"showFog":true,"showMaterialUpdate":false,"showSkybox":false,"showFlares":true,"showImageEffects":true,"showParticleSystems":true,"showVisualEffectGraphs":true,"m_FxEnabled":true},"in2DMode":false,"pivot":{"x":-3.2100000381469728,"y":0.033969469368457797,"z":-3.2300000190734865},"rotation":{"x":-0.03852231800556183,"y":0.8292447328567505,"z":-0.05755284056067467,"w":-0.5546457171440125},"size":0.19426362216472627,"orthographic":false}