{"cameraMode":{"drawMode":0,"name":"Shaded","section":"Shading Mode"},"sceneLighting":false,"audioPlay":false,"sceneViewState":{"showFog":true,"showMaterialUpdate":false,"showSkybox":false,"showFlares":true,"showImageEffects":true,"showParticleSystems":true,"showVisualEffectGraphs":true,"m_FxEnabled":true},"in2DMode":false,"pivot":{"x":1.3917616605758668,"y":0.46581462025642397,"z":-2.2406601905822756},"rotation":{"x":0.0036922991275787355,"y":-0.9962307214736939,"z":0.06915789842605591,"w":0.053266555070877078},"size":0.7906534075737,"orthographic":false}