{"cameraMode":{"drawMode":0,"name":"Shaded","section":"Shading Mode"},"sceneLighting":true,"audioPlay":false,"sceneViewState":{"showFog":true,"showMaterialUpdate":false,"showSkybox":true,"showFlares":true,"showImageEffects":true,"showParticleSystems":true,"showVisualEffectGraphs":true,"m_FxEnabled":true},"in2DMode":false,"pivot":{"x":11.471329689025879,"y":0.2878028154373169,"z":-18.22476577758789},"rotation":{"x":0.0022447151131927969,"y":-0.9978182911872864,"z":0.04973923787474632,"w":0.044349052011966708},"size":7.002504348754883,"orthographic":false}