{"cameraMode":{"drawMode":0,"name":"Shaded","section":"Shading Mode"},"sceneLighting":true,"audioPlay":false,"sceneViewState":{"showFog":true,"showMaterialUpdate":false,"showSkybox":true,"showFlares":true,"showImageEffects":true,"showParticleSystems":true,"showVisualEffectGraphs":true,"m_FxEnabled":true},"in2DMode":false,"pivot":{"x":10.625932693481446,"y":0.7697112560272217,"z":0.3827853202819824},"rotation":{"x":-0.047620683908462527,"y":-0.04761599376797676,"z":-0.0022741982247680427,"w":0.9977409839630127},"size":5.322993278503418,"orthographic":false}