{"cameraMode":{"drawMode":0,"name":"Shaded","section":"Shading Mode"},"sceneLighting":true,"audioPlay":false,"sceneViewState":{"showFog":true,"showMaterialUpdate":false,"showSkybox":true,"showFlares":true,"showImageEffects":true,"showParticleSystems":true,"showVisualEffectGraphs":true,"m_FxEnabled":true},"in2DMode":false,"pivot":{"x":10.63416862487793,"y":1.2536661624908448,"z":-1.781400442123413},"rotation":{"x":-0.058611173182725909,"y":0.07241273671388626,"z":-0.004490773659199476,"w":-0.9957507252693176},"size":1.2588543891906739,"orthographic":false}