{"cameraMode":{"drawMode":0,"name":"Shaded","section":"Shading Mode"},"sceneLighting":true,"audioPlay":false,"sceneViewState":{"showFog":true,"showMaterialUpdate":false,"showSkybox":true,"showFlares":true,"showImageEffects":true,"showParticleSystems":true,"showVisualEffectGraphs":true,"m_FxEnabled":true},"in2DMode":false,"pivot":{"x":7.104460716247559,"y":-0.10283088684082031,"z":-2.8418073654174806},"rotation":{"x":0.19069890677928925,"y":-0.5325950980186462,"z":0.12462732940912247,"w":0.8152419924736023},"size":1.7612104415893555,"orthographic":false}