{"cameraMode":{"drawMode":0,"name":"Shaded","section":"Shading Mode"},"sceneLighting":true,"audioPlay":false,"sceneViewState":{"showFog":true,"showMaterialUpdate":false,"showSkybox":true,"showFlares":true,"showImageEffects":true,"showParticleSystems":true,"showVisualEffectGraphs":true,"m_FxEnabled":true},"in2DMode":false,"pivot":{"x":13.805631637573243,"y":1.15742826461792,"z":-5.348821640014648},"rotation":{"x":0.011899915523827076,"y":0.9884074926376343,"z":-0.10294990986585617,"w":0.11195418983697891},"size":1.8588542938232422,"orthographic":false}