{"cameraMode":{"drawMode":0,"name":"Shaded","section":"Shading Mode"},"sceneLighting":true,"audioPlay":false,"sceneViewState":{"showFog":true,"showMaterialUpdate":false,"showSkybox":true,"showFlares":true,"showImageEffects":true,"showParticleSystems":true,"showVisualEffectGraphs":true,"m_FxEnabled":true},"in2DMode":false,"pivot":{"x":12.396547317504883,"y":0.7080512046813965,"z":-3.6733057498931886},"rotation":{"x":0.02729342132806778,"y":-0.9090753793716431,"z":0.06038448587059975,"w":0.4115404784679413},"size":1.246412992477417,"orthographic":false}