{"cameraMode":{"drawMode":0,"name":"Shaded","section":"Shading Mode"},"sceneLighting":true,"audioPlay":false,"sceneViewState":{"showFog":true,"showMaterialUpdate":false,"showSkybox":true,"showFlares":true,"showImageEffects":true,"showParticleSystems":true,"showVisualEffectGraphs":true,"m_FxEnabled":true},"in2DMode":false,"pivot":{"x":12.485893249511719,"y":-1.3334143161773682,"z":-17.426008224487306},"rotation":{"x":0.004798293113708496,"y":-0.9929393529891968,"z":0.11097972095012665,"w":0.04263810068368912},"size":7.100007057189941,"orthographic":false}