{"cameraMode":{"drawMode":0,"name":"Shaded","section":"Shading Mode"},"sceneLighting":true,"audioPlay":false,"sceneViewState":{"showFog":true,"showMaterialUpdate":false,"showSkybox":true,"showFlares":true,"showImageEffects":true,"showParticleSystems":true,"showVisualEffectGraphs":true,"m_FxEnabled":true},"in2DMode":false,"pivot":{"x":9.060181617736817,"y":1.6871821880340577,"z":-3.6034698486328127},"rotation":{"x":-0.045641444623470309,"y":0.6712020635604858,"z":-0.041636087000370029,"w":-0.7388949990272522},"size":1.980259656906128,"orthographic":false}