{"cameraMode":{"drawMode":0,"name":"Shaded","section":"Shading Mode"},"sceneLighting":true,"audioPlay":false,"sceneViewState":{"showFog":true,"showMaterialUpdate":false,"showSkybox":true,"showFlares":true,"showImageEffects":true,"showParticleSystems":true,"showVisualEffectGraphs":true,"m_FxEnabled":true},"in2DMode":false,"pivot":{"x":13.30552864074707,"y":0.09004402160644531,"z":-11.298120498657227},"rotation":{"x":0.03838958963751793,"y":0.9577431082725525,"z":-0.15088406205177308,"w":0.24228650331497193},"size":4.774354457855225,"orthographic":false}