{"cameraMode":{"drawMode":0,"name":"Shaded","section":"Shading Mode"},"sceneLighting":true,"audioPlay":false,"sceneViewState":{"showFog":true,"showMaterialUpdate":false,"showSkybox":true,"showFlares":true,"showImageEffects":true,"showParticleSystems":true,"showVisualEffectGraphs":true,"m_FxEnabled":true},"in2DMode":false,"pivot":{"x":12.436902046203614,"y":1.0624537467956544,"z":-8.066923141479493},"rotation":{"x":0.01958545111119747,"y":-0.9801989793777466,"z":0.12745773792266847,"w":0.15056630969047547},"size":1.9421287775039673,"orthographic":false}