{"cameraMode":{"drawMode":0,"name":"Shaded","section":"Shading Mode"},"sceneLighting":true,"audioPlay":false,"sceneViewState":{"showFog":true,"showMaterialUpdate":false,"showSkybox":true,"showFlares":true,"showImageEffects":true,"showParticleSystems":true,"showVisualEffectGraphs":true,"m_FxEnabled":true},"in2DMode":false,"pivot":{"x":12.018800735473633,"y":1.306217908859253,"z":-8.31617259979248},"rotation":{"x":0.0013137174537405372,"y":-0.9985601902008057,"z":0.04677456617355347,"w":0.027884116396307946},"size":1.6421289443969727,"orthographic":false}