{"cameraMode":{"drawMode":0,"name":"Shaded","section":"Shading Mode"},"sceneLighting":true,"audioPlay":false,"sceneViewState":{"showFog":true,"showMaterialUpdate":false,"showSkybox":true,"showFlares":true,"showImageEffects":true,"showParticleSystems":true,"showVisualEffectGraphs":true,"m_FxEnabled":true},"in2DMode":false,"pivot":{"x":12.084309577941895,"y":0.3024556636810303,"z":-4.914322853088379},"rotation":{"x":-0.049829259514808658,"y":0.9500746130943298,"z":-0.2087777554988861,"w":-0.22678998112678529},"size":1.1487665176391602,"orthographic":false}