{"cameraMode":{"drawMode":0,"name":"Shaded","section":"Shading Mode"},"sceneLighting":true,"audioPlay":false,"sceneViewState":{"showFog":true,"showMaterialUpdate":false,"showSkybox":true,"showFlares":true,"showImageEffects":true,"showParticleSystems":true,"showVisualEffectGraphs":true,"m_FxEnabled":true},"in2DMode":false,"pivot":{"x":0.13105931878089906,"y":2.28653621673584,"z":-2.1321146488189699},"rotation":{"x":0.07042161375284195,"y":-0.22338910400867463,"z":0.016143925487995149,"w":0.9720932245254517},"size":1.5073950290679932,"orthographic":false}