{"cameraMode":{"drawMode":0,"name":"Shaded","section":"Shading Mode"},"sceneLighting":true,"audioPlay":false,"sceneViewState":{"showFog":true,"showMaterialUpdate":false,"showSkybox":true,"showFlares":true,"showImageEffects":true,"showParticleSystems":true,"showVisualEffectGraphs":true,"m_FxEnabled":true},"in2DMode":false,"pivot":{"x":13.035932540893555,"y":1.447835922241211,"z":-6.991250991821289},"rotation":{"x":0.00045704541844315827,"y":-0.9995599389076233,"z":0.02580224722623825,"w":0.017411332577466966},"size":1.4441826343536378,"orthographic":false}