{"cameraMode":{"drawMode":0,"name":"Shaded","section":"Shading Mode"},"sceneLighting":false,"audioPlay":false,"sceneViewState":{"showFog":true,"showMaterialUpdate":false,"showSkybox":false,"showFlares":true,"showImageEffects":true,"showParticleSystems":true,"showVisualEffectGraphs":true,"m_FxEnabled":true},"in2DMode":false,"pivot":{"x":-0.7508217692375183,"y":-0.39529675245285036,"z":-2.7341716289520265},"rotation":{"x":0.008788859471678734,"y":-0.9905279874801636,"z":0.0762314572930336,"w":0.11433251947164536},"size":1.9906532764434815,"orthographic":false}