{"cameraMode":{"drawMode":0,"name":"Shaded","section":"Shading Mode"},"sceneLighting":false,"audioPlay":false,"sceneViewState":{"showFog":true,"showMaterialUpdate":false,"showSkybox":false,"showFlares":true,"showImageEffects":true,"showParticleSystems":true,"showVisualEffectGraphs":true,"m_FxEnabled":true},"in2DMode":false,"pivot":{"x":7.159801483154297,"y":0.8135690093040466,"z":4.457852363586426},"rotation":{"x":-0.028344718739390374,"y":-0.9649057388305664,"z":0.23337797820568086,"w":-0.11722167581319809},"size":1.7089738845825196,"orthographic":false}