{"cameraMode":{"drawMode":0,"name":"Shaded","section":"Shading Mode"},"sceneLighting":false,"audioPlay":false,"sceneViewState":{"showFog":true,"showMaterialUpdate":false,"showSkybox":false,"showFlares":true,"showImageEffects":true,"showParticleSystems":true,"showVisualEffectGraphs":true,"m_FxEnabled":true},"in2DMode":false,"pivot":{"x":1.0344157218933106,"y":0.3618145287036896,"z":3.087728500366211},"rotation":{"x":-0.011358406394720078,"y":0.7845171689987183,"z":-0.01435775775462389,"w":-0.6198798418045044},"size":3.2981081008911135,"orthographic":false}